product_names_list,categories_names_list,subcategories_names_list,suppliers_names_list,supplier_adresses,customer_first_names,customer_last_names,customer_comapnies_names,customer_addresses,customer_cities,customer_states,customer_phones
Glass Screen Protector and Camera Protector,Books,Accessories & Supplies,Marvel Health,"1019 Wiseman Street, Washburn, TN",Flora,York,Marvel Health,2835 Shobe Lane,Newark,Massachusetts,423-315-5501
Spigen Tempered Glass Screen Protector,Appliances ,Camera & Photo Accessories,Reset Large,3355 Levy Court,Dotty,Denton,Reset Large,4995 Rowes Lane,Baltimore,Pennsylvania,978-591-2883
"Mechanical Gaming Keyboard, LED Rainbow Gaming Backlit","Arts, Crafts, & Sewing",Cables,Freeze Fit,1244 Horseshoe Lane,Carly,Berry,Freeze Fit,1735 Leverton Cove Road,Knoxville,Maryland,667-224-4148
Power Strip Surge Protector,Automotive Parts & Accessories,Cord Management,Largeology,3745 Berkshire Circle,Jamie-Lee,Murray,Largeology,4770 County Line Road,Los Angeles,Tennessee,865-216-0893
USB to Ethernet Adapter,Baby,"Painting, Drawing & Art Supplies",Fitlaza,2433 Norman Street,Ellice,Kaufman,Fitlaza,4402 Nash Street,Philadelphia,Arizona,267-235-4892
USB Bluetooth Adapter,Beauty & Personal Care,Crafting,Ward Large,4668 Olen Thomas Drive,Ammara,Wells,Ward Large,230 Stadium Drive,Wichita Falls,Texas,940-923-4520
Lulu Home Halloween Tabletop Decoration,,Fabric,Shred Fitness,1255 McDonald Avenue,Charlene,Daly,Shred Fitness,2361 Bobcat Drive,Maitland,Florida,321-229-4465
3pc Set of Halloween Outdoor Pumpkin Decorations for Porch,CDs & Vinyl,Car Care,Victor Small,500 Hewes Avenue,Maira,Fernandez,Victor Small,1740 Cherry Tree Drive,Baltimore,Alabama,410-801-7050
Casual Long Sleeve Button Down Shirts Tops,Cell Phones & Accessories,Car Electronics & Accessories,Night Gaming,2765 Melville Street,Paige,Obrien,Night Gaming,2096 East Avenue,Memphis,Alaska,901-440-0897
Power Tool Organizer Wall Mount,"Clothing, Shoes and Jewelry",Exterior Accessories,Alt Gaming,1438 Dale Avenue,Tobey,Devine,Alt Gaming,689 Virgil Street,Tacoma,Idaho,3--1554
Glasspot,Collectibles & Fine Art,Heavy Duty & Commercial Vehicle Equipment,Force Gaming,3716 Logan Lane,Glenda,Bush,Force Gaming,2288 Hayhurst Lane,Denver,Illinois,720-254-7613
Liveglass,Computers,Gift Sets,Lore Gaming,4349 Delaware Avenue,Ayomide,Enriquez,Lore Gaming,4717 C Street,San Francisco,Indiana,415-385-3008
Sparkglass,Electronics,Rattles,Lajoy,4029 Brownton Road,Evalyn,Lowry,,2008 New Street,Moorhead,Iowa,662-524-0278
Glasspace,Garden & Outdoor,Active,Relaxationio,4154 Nash Street,Gavin,Cline,,795 Franklee Lane,Buffalo Grove,Kansas,708-502-9410
Glasstripe,Grocery & Gourmet Food,Clothing Sets,Joypro,3381 Cessna Drive,Steffan,Delgado,,4266 Neville Street,Fort Wayne,Louisiana,260-249-9668
Waterset,Handmade,Socks & Hosiery,Glassify,2509 Goodwin Avenue,Chloe,Leon,,2946 Mahlon Street,Spokane,Maine,509-599-9703
guiitar,"Health, Household & Baby Care",Suits & Sport Coats,Glass Real,591 Dovetail Estates,Asa,Moran,,935 Tennessee Avenue,Clinton,Ohio,580-214-4511
shred,Home & Kitchen,Sweaters,Glass' spot,1213 Mercer Street,Jeremy,Bradshaw,,3277 Stark Hollow Road,Wausau,Oklahoma,920-201-1269
lickity,Industrial & Scientific,Swim,Glassy Glass,2444 Roy Alley,Shannan,Lopez,,3218 Yorkshire Circle,Oakdale,Oregon,303-842-3495
elm,Luggage & Travel Gear,"Tops, Tees & Shirts",Wise3d,3511 Hawks Nest Lane,Kaleem,Greaves,,3739 Saint Francis Way,Maryland Heights,Rhode Island,417-855-9631
thedazzle,Movies & TV,,Funny Catly,3968 Findley Avenue,Eleanor,Piper,,1317 Hanover Street,Bismarck,Utah,701-989-3930
bespoike,Musical Instruments,,Kaut Cat,3927 Parrill Court,Gabriel,Faulkner,,4026 Norma Lane,Merrillville,Vermont,812-201-7168
yoke,Office Products,,Catful 3D,1716 Horseshoe Lane,Coen,Hayden,,916-606-3668,Fort Washington,Wyoming,215-512-0046
stem,Pet Supplies,,Leading 3D,900 Barfield Lane,Ernie,Whitehouse,,1850 Cook Hill Road,Indianapolis,New York,317-605-5472
anek,Sports & Outdoors,,Mystical Wise,2220 Coplin Avenue,Kyra,Castaneda,,2331 Millbrook Road,Phoenix,New Mexico,602-628-9817
trunk,Tools & Home Improvement,,SoSo,3838 Diane Street,Renesmee ,Prentice,,1204 Half and Half Drive,Dallas,New Jersey,213-503-0563
ashirt,Toys & Games,,Gaming For Fun,4486 Ersel Street,Chase ,Casey,,2094 Burnside Avenue,Montrose,New Hampshire,214-487-6011
,,,,,Jimmie,Houston,,,,Arkansas,
,,,,,Ishan,Pratt,,,,California,
,,,,,Amber,Coulson,,,,Colorado,
,,,,,Olivia-Mae,Ho,,,,Connecticut,
,,,,,Yisroel,Gamble,,,,Georgia,
,,,,,Safiyyah,Howells,,,,Hawaii,
,,,,,,,,,,Kentucky,
,,,,,,,,,,Michigan,
,,,,,,,,,,Minnesota,
,,,,,,,,,,Mississippi,
,,,,,,,,,,Missouri,
,,,,,,,,,,Montana,
,,,,,,,,,,Nebraska,
,,,,,,,,,,Nevada,
,,,,,,,,,,North Carolina,
,,,,,,,,,,North Dakota,
,,,,,,,,,,Pennsylvania,
,,,,,,,,,,South Carolina,
,,,,,,,,,,South Dakota,
,,,,,,,,,,Tennessee,
,,,,,,,,,,Virginia,
,,,,,,,,,,Washington,
,,,,,,,,,,West Virginia,
,,,,,,,,,,Wisconsin,
